Workbook

Sheet 9EXPERT ORDERS
A1: OrderID | B1: OrderDate | C1: CustomerID | D1: Customer | E1: Phone | F1: ProductID | G1: Product | H1: UnitInStocks | I1: Quantity | J1: Cost | K1: UnitPrice | L1: Discount
A2: 17001 | B2: 44927 | C2: 9EXPERT | D2: =_xlfn.XLOOKUP(C2,CUSTOMERS!A:A,CUSTOMERS!B:B) -> 9Expert Co., Ltd. | E2: =_xlfn.XLOOKUP(D2,CUSTOMERS!B:B,CUSTOMERS!G:G) -> 022194304 | F2: 4-123 | G2: =_xlfn.XLOOKUP(F2,PRODUCTS!A:A,PRODUCTS!B:B) -> 9EXPERT PRODUCT | H2: =_xlfn.XLOOKUP(G2,PRODUCTS!B:B,PRODUCTS!F:F) -> 22 | I2: 12 | J2: 10.25 | K2: 14 | L2: 0.1
A3: 17001 | B3: 44927 | C3: 9EXPERT | D3: =_xlfn.XLOOKUP(C3,CUSTOMERS!A:A,CUSTOMERS!B:B) -> 9Expert Co., Ltd. | E3: =_xlfn.XLOOKUP(D3,CUSTOMERS!B:B,CUSTOMERS!G:G) -> 022194304 | F3: 4-168 | G3: =_xlfn.XLOOKUP(F3,PRODUCTS!A:A,PRODUCTS!B:B) -> Mozzarella di Giovanni | H3: =_xlfn.XLOOKUP(G3,PRODUCTS!B:B,PRODUCTS!F:F) -> 14 | I3: 5 | J3: 17.54 | K3: 34.8 | L3: 0.1
A4: 17001 | B4: 44927 | C4: 9EXPERT | D4: =_xlfn.XLOOKUP(C4,CUSTOMERS!A:A,CUSTOMERS!B:B) -> 9Expert Co., Ltd. | E4: =_xlfn.XLOOKUP(D4,CUSTOMERS!B:B,CUSTOMERS!G:G) -> 022194304 | F4: 5-159 | G4: =_xlfn.XLOOKUP(F4,PRODUCTS!A:A,PRODUCTS!B:B) -> Singaporean Hokkien Fried | H4: =_xlfn.XLOOKUP(G4,PRODUCTS!B:B,PRODUCTS!F:F) -> 26 | I4: 10 | J4: 7.73 | K4: 9.8 | L4: 0.1
A5: 17002 | B5: 44928 | C5: TOMSP | D5: =_xlfn.XLOOKUP(C5,CUSTOMERS!A:A,CUSTOMERS!B:B) -> Toms Spezialitäten | E5: =_xlfn.XLOOKUP(D5,CUSTOMERS!B:B,CUSTOMERS!G:G) -> 0251-031259 | F5: 1-136 | G5: =_xlfn.XLOOKUP(F5,PRODUCTS!A:A,PRODUCTS!B:B) -> Côtes de Blaye | H5: =_xlfn.XLOOKUP(G5,PRODUCTS!B:B,PRODUCTS!F:F) -> 17 | I5: 35 | J5: 100.5 | K5: 175 | L5: 0.05
A6: 17002 | B6: 44928 | C6: TOMSP | D6: =_xlfn.XLOOKUP(C6,CUSTOMERS!A:A,CUSTOMERS!B:B) -> Toms Spezialitäten | E6: =_xlfn.XLOOKUP(D6,CUSTOMERS!B:B,CUSTOMERS!G:G) -> 0251-031259 | F6: 7-125 | G6: =_xlfn.XLOOKUP(F6,PRODUCTS!A:A,PRODUCTS!B:B) -> Tofu | H6: =_xlfn.XLOOKUP(G6,PRODUCTS!B:B,PRODUCTS!F:F) -> 35 | I6: 9 | J6: 14.65 | K6: 18.6 | L6: 0
A7: 17002 | B7: 44928 | C7: TOMSP | D7: =_xlfn.XLOOKUP(C7,CUSTOMERS!A:A,CUSTOMERS!B:B) -> Toms Spezialitäten | E7: =_xlfn.XLOOKUP(D7,CUSTOMERS!B:B,CUSTOMERS!G:G) -> 0251-031259 | F7: 7-159 | G7: =_xlfn.XLOOKUP(F7,PRODUCTS!A:A,PRODUCTS!B:B) -> Manjimup Dried Apples | H7: =_xlfn.XLOOKUP(G7,PRODUCTS!B:B,PRODUCTS!F:F) -> 20 | I7: 25 | J7: 28.83 | K7: 42.4 | L7: 0
A8: 17003 | B8: 44931 | C8: HANAR | D8: =_xlfn.XLOOKUP(C8,CUSTOMERS!A:A,CUSTOMERS!B:B) -> Hanari Carnes | E8: =_xlfn.XLOOKUP(D8,CUSTOMERS!B:B,CUSTOMERS!G:G) -> (21) 555-0091 | F8: 2-125 | G8: =_xlfn.XLOOKUP(F8,PRODUCTS!A:A,PRODUCTS!B:B) -> Louisiana Fiery Hot Pepper Sauce | H8: =_xlfn.XLOOKUP(G8,PRODUCTS!B:B,PRODUCTS!F:F) -> 76 | I8: 15 | J8: 12.8 | K8: 16.8 | L8: 0.15
A9: 17003 | B9: 44931 | C9: HANAR | D9: =_xlfn.XLOOKUP(C9,CUSTOMERS!A:A,CUSTOMERS!B:B) -> Hanari Carnes | E9: =_xlfn.XLOOKUP(D9,CUSTOMERS!B:B,CUSTOMERS!G:G) -> (21) 555-0091 | F9: 7-159 | G9: =_xlfn.XLOOKUP(F9,PRODUCTS!A:A,PRODUCTS!B:B) -> Manjimup Dried Apples | H9: =_xlfn.XLOOKUP(G9,PRODUCTS!B:B,PRODUCTS!F:F) -> 20 | I9: 35 | J9: 32.65 | K9: 42.4 | L9: 0.15
A10: 17003 | B10: 44931 | C10: HANAR | D10: =_xlfn.XLOOKUP(C10,CUSTOMERS!A:A,CUSTOMERS!B:B) -> Hanari Carnes | E10: =_xlfn.XLOOKUP(D10,CUSTOMERS!B:B,CUSTOMERS!G:G) -> (21) 555-0091 | F10: 8-141 | G10: =_xlfn.XLOOKUP(F10,PRODUCTS!A:A,PRODUCTS!B:B) -> Jack's New England Clam | H10: =_xlfn.XLOOKUP(G10,PRODUCTS!B:B,PRODUCTS!F:F) -> 85 | I10: 10 | J10: 6.43 | K10: 7.7 | L10: 0
A11: 17004 | B11: 44931 | C11: LEHMS | D11: =_xlfn.XLOOKUP(C11,CUSTOMERS!A:A,CUSTOMERS!B:B) -> Lehmanns Marktstand | E11: =_xlfn.XLOOKUP(D11,CUSTOMERS!B:B,CUSTOMERS!G:G) -> 069-0245984 | F11: 5-174 | G11: =_xlfn.XLOOKUP(F11,PRODUCTS!A:A,PRODUCTS!B:B) -> Filo Mix | H11: =_xlfn.XLOOKUP(G11,PRODUCTS!B:B,PRODUCTS!F:F) -> 38 | I11: 146 | J11: 4.26 | K11: 7 | L11: 0.1
A12: 17005 | B12: 44931 | C12: VICTE | D12: =_xlfn.XLOOKUP(C12,CUSTOMERS!A:A,CUSTOMERS!B:B) -> Victuailles en stock | E12: =_xlfn.XLOOKUP(D12,CUSTOMERS!B:B,CUSTOMERS!G:G) -> 78.32.54.86 | F12: 2-125 | G12: =_xlfn.XLOOKUP(F12,PRODUCTS!A:A,PRODUCTS!B:B) -> Louisiana Fiery Hot Pepper Sauce | H12: =_xlfn.XLOOKUP(G12,PRODUCTS!B:B,PRODUCTS!F:F) -> 76 | I12: 20 | J12: 10.44 | K12: 16.8 | L12: 0
A13: 17005 | B13: 44931 | C13: VICTE | D13: =_xlfn.XLOOKUP(C13,CUSTOMERS!A:A,CUSTOMERS!B:B) -> Victuailles en stock | E13: =_xlfn.XLOOKUP(D13,CUSTOMERS!B:B,CUSTOMERS!G:G) -> 78.32.54.86 | F13: 5-102 | G13: =_xlfn.XLOOKUP(F13,PRODUCTS!A:A,PRODUCTS!B:B) -> Ravioli Angelo | H13: =_xlfn.XLOOKUP(G13,PRODUCTS!B:B,PRODUCTS!F:F) -> 36 | I13: 15 | J13: 10.88 | K13: 15.6 | L13: 0.05
... A29: 17010 | B29: 44935 | C29: RICSU | D29: =_xlfn.XLOOKUP(C29,CUSTOMERS!A:A,CUSTOMERS!B:B) -> Richter Supermarkt | E29: =_xlfn.XLOOKUP(D29,CUSTOMERS!B:B,CUSTOMERS!G:G) -> 0897-034214 | F29: 8-120 | G29: =_xlfn.XLOOKUP(F29,PRODUCTS!A:A,PRODUCTS!B:B) -> Inlagd Sill | H29: =_xlfn.XLOOKUP(G29,PRODUCTS!B:B,PRODUCTS!F:F) -> 112 | I29: 25 | J29: 11.86 | K29: 15.2 | L29: 0

Sheet PRODUCTS
A1: Product Code | B1: Product | C1: SupplierID | D1: Cost | E1: UnitPrice | F1: UnitsInStock | G1: ReorderLevel | H1: Discontinued
A2: 1-101 | B2: Chai | C2: 4 | D2: 16.54 | E2: 18 | F2: 39 | G2: 10 | H2: FALSE
A3: 1-105 | B3: Chang | C3: 1 | D3: 14.25 | E3: 19 | F3: 17 | G3: 25 | H3: FALSE
A4: 1-106 | B4: Guaran Fantastica | C4: 10 | D4: 3.32 | E4: 4.5 | F4: 20 | G4: 0 | H4: TRUE
A5: 1-108 | B5: Lakkalikri | C5: 23 | D5: 14.54 | E5: 18 | F5: 57 | G5: 20 | H5: FALSE
A6: 1-121 | B6: Rhnbru Klosterbier | C6: 12 | D6: 5.92 | E6: 7.75 | F6: 125 | G6: 25 | H6: FALSE
A7: 1-129 | B7: Outback Lager | C7: 7 | D7: 12.51 | E7: 15 | F7: 15 | G7: 30 | H7: FALSE
A8: 1-132 | B8: Laughing Lumberjack Lager | C8: 16 | D8: 10.6 | E8: 14 | F8: 52 | G8: 10 | H8: FALSE
A9: 1-136 | B9: Côtes de Blaye | C9: 18 | D9: 166.5 | E9: 185 | F9: 17 | G9: 15 | H9: FALSE
A10: 1-140 | B10: Sasquatch Ale | C10: 16 | D10: 12.85 | E10: 14 | F10: 111 | G10: 15 | H10: FALSE
A11: 1-189 | B11: Steeleye Stout | C11: 16 | D11: 14.06 | E11: 18 | F11: 20 | G11: 15 | H11: FALSE
A12: 1-190 | B12: Ipoh Coffee | C12: 20 | D12: 43.56 | E12: 46 | F12: 17 | G12: 25 | H12: FALSE
A13: 1-196 | B13: Chartreuse verte | C13: 18 | D13: 15.73 | E13: 18 | F13: 69 | G13: 5 | H13: FALSE
... A78: 8-194 | B78: Spegesild | C78: 21 | D78: 9.74 | E78: 12 | F78: 95 | G78: 0 | H78: FALSE

Sheet CUSTOMERS
A1: CustomerID | B1: CompanyName | C1: ContactName | D1: ContactTitle | E1: City | F1: Country | G1: Phone
A2: 9EXPERT | B2: 9Expert Co., Ltd. | C2: Natnaree | D2: Sales Representative | E2: Ratchatawi | F2: Thailand | G2: 022194304
A3: ANATR | B3: Ana Trujillo Emparedados y helados | C3: Ana Trujillo | D3: Owner | E3: México D.F. | F3: Mexico | G3: (5) 555-4729
A4: ANTON | B4: Antonio Moreno Taquería | C4: Antonio Moreno | D4: Owner | E4: México D.F. | F4: Mexico | G4: (5) 555-3932
A5: AROUT | B5: Around the Horn | C5: Thomas Hardy | D5: Sales Representative | E5: London | F5: UK | G5: (171) 555-7788
A6: ASIAS | B6: Asian Seafoods PLC. | C6: Sirirat Sriwarunyu | D6: Sales Manager | E6: Nonthaburi | F6: Thailand | G6: (662) 589-2137
A7: BERGS | B7: Berglunds snabbköp | C7: Christina Berglund | D7: Order Administrator | E7: Luleå | F7: Sweden | G7: 0921-12 34 65
A8: BLAUS | B8: Blauer See Delikatessen | C8: Hanna Moos | D8: Sales Representative | E8: Mannheim | F8: Germany | G8: 0621-08460
A9: BLONP | B9: Blondel père et fils | C9: Frédérique Citeaux | D9: Marketing Manager | E9: Strasbourg | F9: France | G9: 88.60.15.31
A10: BOLID | B10: Bólido Comidas preparadas | C10: Martín Sommer | D10: Owner | E10: Madrid | F10: Spain | G10: (91) 555 22 82
A11: BONAP | B11: Bon app' | C11: Laurence Lebihan | D11: Owner | E11: Marseille | F11: France | G11: 91.24.45.40
A12: BOTTM | B12: Bottom-Dollar Markets | C12: Elizabeth Lincoln | D12: Accounting Manager | E12: Tsawwassen | F12: Canada | G12: (604) 555-4729
... A98: YANWA | B98: Yan Wal Yun | C98: Chaiyong Jitthai | D98: Sales Representative | E98: Rayong | F98: Thailand | G98: (6638) 650-229

Sheet SUPPLIERS
A1: SupplierID | B1: CompanyName | C1: ContactName | D1: ContactTitle | E1: City | F1: Country | G1: Phone | H1: Fax
A2: 1 | B2: Exotic Liquids | C2: Charlotte Cooper | D2: Purchasing Manager | E2: London | F2: UK | G2: (171) 555-2222
A3: 2 | B3: New Orleans Cajun Delights | C3: Shelley Burke | D3: Order Administrator | E3: New Orleans | F3: USA | G3: (100) 555-4822
A4: 3 | B4: Grandma Kelly's Homestead | C4: Regina Murphy | D4: Sales Representative | E4: Ann Arbor | F4: USA | G4: (313) 555-5735 | H4: (313) 555-3349
A5: 4 | B5: Tokyo Traders | C5: Yoshi Nagase | D5: Marketing Manager | E5: Tokyo | F5: Japan | G5: (03) 3555-5011
A6: 5 | B6: Cooperativa de Quesos 'Las Cabras' | C6: Antonio del Valle Saavedra | D6: Export Administrator | E6: Oviedo | F6: Spain | G6: (98) 598 76 54
A7: 6 | B7: Mayumi's | C7: Mayumi Ohno | D7: Marketing Representative | E7: Osaka | F7: Japan | G7: (06) 431-7877
A8: 7 | B8: Pavlova, Ltd. | C8: Ian Devling | D8: Marketing Manager | E8: Melbourne | F8: Australia | G8: (03) 444-2343 | H8: (03) 444-6588
A9: 8 | B9: Specialty Biscuits, Ltd. | C9: Peter Wilson | D9: Sales Representative | E9: Manchester | F9: UK | G9: (161) 555-4448
A10: 9 | B10: PB Knäckebröd AB | C10: Lars Peterson | D10: Sales Agent | E10: Göteborg | F10: Sweden | G10: 031-987 65 43 | H10: 031-987 65 91
A11: 10 | B11: Refrescos Americanas LTDA | C11: Carlos Diaz | D11: Marketing Manager | E11: São Paulo | F11: Brazil | G11: (11) 555 4640
A12: 11 | B12: Heli Süßwaren GmbH & Co. KG | C12: Petra Winkler | D12: Sales Manager | E12: Berlin | F12: Germany | G12: (010) 9984510
A13: 12 | B13: Plutzer Lebensmittelgroßmärkte AG | C13: Martin Bein | D13: International Marketing Mgr. | E13: Frankfurt | F13: Germany | G13: (069) 992755
A14: 13 | B14: Nord-Ost-Fisch Handelsgesellschaft mbH | C14: Sven Petersen | D14: Coordinator Foreign Markets | E14: Cuxhaven | F14: Germany | G14: (04721) 8713 | H14: (04721) 8714
A15: 14 | B15: Formaggi Fortini s.r.l. | C15: Elio Rossi | D15: Sales Representative | E15: Ravenna | F15: Italy | G15: (0544) 60323 | H15: (0544) 60603
A16: 15 | B16: Norske Meierier | C16: Beate Vileid | D16: Marketing Manager | E16: Sandvika | F16: Norway | G16: (0)2-953010
A17: 16 | B17: Bigfoot Breweries | C17: Cheryl Saylor | D17: Regional Account Rep. | E17: Bend | F17: USA | G17: (503) 555-9931
A18: 17 | B18: Svensk Sjöföda AB | C18: Michael Björn | D18: Sales Representative | E18: Stockholm | F18: Sweden | G18: 08-123 45 67
A19: 18 | B19: Aux joyeux ecclésiastiques | C19: Guylène Nodier | D19: Sales Manager | E19: Paris | F19: France | G19: (1) 03.83.00.68 | H19: (1) 03.83.00.62
A20: 19 | B20: New England Seafood Cannery | C20: Robb Merchant | D20: Wholesale Account Agent | E20: Boston | F20: USA | G20: (617) 555-3267 | H20: (617) 555-3389
A21: 20 | B21: Leka Trading | C21: Chandra Leka | D21: Owner | E21: Singapore | F21: Singapore | G21: 555-8787
A22: 21 | B22: Lyngbysild | C22: Niels Petersen | D22: Sales Manager | E22: Lyngby | F22: Denmark | G22: 43844108 | H22: 43844115
A23: 22 | B23: Zaanse Snoepfabriek | C23: Dirk Luchte | D23: Accounting Manager | E23: Zaandam | F23: Netherlands | G23: (12345) 1212 | H23: (12345) 1210
A24: 23 | B24: Karkki Oy | C24: Anne Heikkonen | D24: Product Manager | E24: Lappeenranta | F24: Finland | G24: (953) 10956
A25: 24 | B25: G'day, Mate | C25: Wendy Mackenzie | D25: Sales Representative | E25: Sydney | F25: Australia | G25: (02) 555-5914 | H25: (02) 555-4873
A26: 25 | B26: Ma Maison | C26: Jean-Guy Lauzon | D26: Marketing Manager | E26: Montréal | F26: Canada | G26: (514) 555-9022
A27: 26 | B27: Pasta Buttini s.r.l. | C27: Giovanni Giudici | D27: Order Administrator | E27: Salerno | F27: Italy | G27: (089) 6547665 | H27: (089) 6547667
A28: 27 | B28: Escargots Nouveaux | C28: Marie Delamare | D28: Sales Manager | E28: Montceau | F28: France | G28: 85.57.00.07
A29: 28 | B29: Gai pâturage | C29: Eliane Noz | D29: Sales Representative | E29: Annecy | F29: France | G29: 38.76.98.06 | H29: 38.76.98.58
A30: 29 | B30: Forêts d'érables | C30: Chantal Goulet | D30: Accounting Manager | E30: Saint-Hyacinthe | F30: Canada | G30: (514) 555-2955 | H30: (514) 555-2921
